,Pos,Cp,Marker,Sample,Avg_Ct,stdv,Norm_input,Relative_enrichment_normInpt,Norm_GAPDH,Relative_enrichment_normGAPDH,Norm_GAPDH_Input,RelEnrich_Norm_GAPDH_Input,Norm_GAPDH_Input,RelEnrich_Norm_GAPDH_Input,Norm_MYL7_Input,RelEnrich_Norm_MYL7_Input,GAPDHnormOverInputNorm
1,A1,27.72,GAPDH,Sample1,27.09333333,0.553744827,,,,,,,,,,,
2,A2,26.89,GAPDH,Sample1,,,,,,,,,,,,,
3,B1,26.67,GAPDH,Sample1,,,,,,,,,,,,,
4,C3,27.93,GAPDH,Sample10,27.61,0.393954312,,,,,,,,,,,
5,C4,27.73,GAPDH,Sample10,,,,,,,,,,,,,
6,D3,27.17,GAPDH,Sample10,,,,,,,,,,,,,
7,C1,28.74,GAPDH,Sample2,28.48666667,0.430155011,,,,,,,,,,,
8,C2,28.73,GAPDH,Sample2,,,,,,,,,,,,,
9,D1,27.99,GAPDH,Sample2,,,,,,,,,,,,,
10,E1,28.71,GAPDH,Sample3,28.17666667,0.479826357,,,,,,,,,,,
11,E2,28.04,GAPDH,Sample3,,,,,,,,,,,,,
12,F1,27.78,GAPDH,Sample3,,,,,,,,,,,,,
13,G1,26.46,GAPDH,Sample4,26.40333333,0.106926766,,,,,,,,,,,
14,G2,26.47,GAPDH,Sample4,,,,,,,,,,,,,
15,H1,26.28,GAPDH,Sample4,,,,,,,,,,,,,
16,I1,30.34,GAPDH,Sample5,30.12333333,0.34122329,,,,,,,,,,,
17,I2,30.3,GAPDH,Sample5,,,,,,,,,,,,,
18,J1,29.73,GAPDH,Sample5,,,,,,,,,,,,,
19,K1,29.81,GAPDH,Sample6,29.38666667,0.366651515,,,,,,,,,,,
20,K2,29.18,GAPDH,Sample6,,,,,,,,,,,,,
21,L1,29.17,GAPDH,Sample6,,,,,,,,,,,,,
22,M1,30,GAPDH,Sample7,29.68333333,0.480867272,,,,,,,,,,,
23,M2,29.92,GAPDH,Sample7,,,,,,,,,,,,,
24,N1,29.13,GAPDH,Sample7,,,,,,,,,,,,,
25,O1,31.23,GAPDH,Sample8,31.33,0.227156334,,,,,,,,,,,
26,O2,31.59,GAPDH,Sample8,,,,,,,,,,,,,
27,P1,31.17,GAPDH,Sample8,,,,,,,,,,,,,
28,A3,28.64,GAPDH,Sample9,28.05,0.516430053,,,,,,,,,,,
29,A4,27.83,GAPDH,Sample9,,,,,,,,,,,,,
30,B3,27.68,GAPDH,Sample9,,,,,,,,,,,,,
31,E3,28.29,GAPDH,SampleI1,27.96666667,0.330201958,,,,,,,,,,,
32,E4,27.98,GAPDH,SampleI1,,,,,,,,,,,,,
33,F3,27.63,GAPDH,SampleI1,,,,,,,,,,,,,
34,G5,27.07,GAPDH,SampleI10,26.92333333,0.168027775,,,,,,,,,,,
35,G6,26.96,GAPDH,SampleI10,,,,,,,,,,,,,
36,H5,26.74,GAPDH,SampleI10,,,,,,,,,,,,,
37,G3,28.13,GAPDH,SampleI2,28.07333333,0.125033329,,,,,,,,,,,
38,G4,28.16,GAPDH,SampleI2,,,,,,,,,,,,,
39,H3,27.93,GAPDH,SampleI2,,,,,,,,,,,,,
40,I3,29.49,GAPDH,SampleI3,29.53,0.12489996,,,,,,,,,,,
41,I4,29.67,GAPDH,SampleI3,,,,,,,,,,,,,
42,J3,29.43,GAPDH,SampleI3,,,,,,,,,,,,,
43,K3,30.1,GAPDH,SampleI4,29.57333333,0.55148285,,,,,,,,,,,
44,K4,29.62,GAPDH,SampleI4,,,,,,,,,,,,,
45,L3,29,GAPDH,SampleI4,,,,,,,,,,,,,
46,M3,29.71,GAPDH,SampleI5,29.13666667,0.560475988,,,,,,,,,,,
47,M4,29.11,GAPDH,SampleI5,,,,,,,,,,,,,
48,N3,28.59,GAPDH,SampleI5,,,,,,,,,,,,,
49,O3,29.75,GAPDH,SampleI6,29.22,0.520288382,,,,,,,,,,,
50,O4,29.2,GAPDH,SampleI6,,,,,,,,,,,,,
51,P3,28.71,GAPDH,SampleI6,,,,,,,,,,,,,
52,A5,29.49,GAPDH,SampleI7,29.28666667,0.181750745,,,,,,,,,,,
53,A6,29.23,GAPDH,SampleI7,,,,,,,,,,,,,
54,B5,29.14,GAPDH,SampleI7,,,,,,,,,,,,,
55,C5,29.49,GAPDH,SampleI8,29.43,0.314324673,,,,,,,,,,,
56,C6,29.71,GAPDH,SampleI8,,,,,,,,,,,,,
57,D5,29.09,GAPDH,SampleI8,,,,,,,,,,,,,
58,E5,27.99,GAPDH,SampleI9,27.45333333,0.609945353,,,,,,,,,,,
59,E6,27.58,GAPDH,SampleI9,,,,,,,,,,,,,
60,F5,26.79,GAPDH,SampleI9,,,,,,,,,,,,,
61,I5,28.45,MYL7,Sample1,28.24333333,0.349332697,-1.246666667,2.37292527,1.15,0.450625231,-0.373333333,1.295342252,,,,,
62,I6,28.44,MYL7,Sample1,,,,,,,,,,,,,
63,J5,27.84,MYL7,Sample1,,,,,,,,,,,,,
64,K7,30.81,MYL7,Sample10,30.37,0.413279566,2.373333333,0.192999186,2.76,0.147624083,1.686666667,0.310643836,,,,,
65,K8,30.31,MYL7,Sample10,,,,,,,,,,,,,
66,L7,29.99,MYL7,Sample10,,,,,,,,,,,,,
67,K5,30.63,MYL7,Sample2,30.19666667,0.430038758,1.71,0.305660069,1.71,0.305660069,1.296666667,0.407065634,,,,,
68,K6,29.77,MYL7,Sample2,,,,,,,,,,,,,
69,L5,30.19,MYL7,Sample2,,,,,,,,,,,,,
70,M5,29.46,MYL7,Sample3,29.20333333,0.29569128,-1.006666667,2.009263349,1.026666667,0.490842928,0.346666667,0.786398968,,,,,
71,M6,29.27,MYL7,Sample3,,,,,,,,,,,,,
72,N5,28.88,MYL7,Sample3,,,,,,,,,,,,,
73,O5,28.85,MYL7,Sample4,28.65,0.264575131,-3.043333333,8.243936163,2.246666667,0.210710386,0.126666667,0.91594529,,,,,
74,O6,28.75,MYL7,Sample4,,,,,,,,,,,,,
75,P5,28.35,MYL7,Sample4,,,,,,,,,,,,,
76,A7,29.77,MYL7,Sample5,29.42666667,0.31214313,-0.24,1.180992661,-0.696666667,1.620755722,-1.226666667,2.340256506,,,,,
77,A8,29.35,MYL7,Sample5,,,,,,,,,,,,,
78,B7,29.16,MYL7,Sample5,,,,,,,,,,,,,
79,C7,31.26,MYL7,Sample6,31.12333333,0.172143351,0.613333333,0.653684624,1.736666667,0.300062167,0.446666667,0.733736182,,,,,
80,C8,31.18,MYL7,Sample6,,,,,,,,,,,,,
81,D7,30.93,MYL7,Sample6,,,,,,,,,,,,,
82,E7,31.68,MYL7,Sample7,31.15666667,0.478991997,1.736666667,0.300062167,1.473333333,0.360149215,1.34,0.395020656,,,,,
83,E8,31.05,MYL7,Sample7,,,,,,,,,,,,,
84,F7,30.74,MYL7,Sample7,,,,,,,,,,,,,
85,G7,34.4,MYL7,Sample8,33.94,0.655057249,2.993333333,0.125578959,2.61,0.163799175,1.093333333,0.468677248,,,,,
86,G8,34.23,MYL7,Sample8,,,,,,,,,,,,,
87,H7,33.19,MYL7,Sample8,,,,,,,,,,,,,
88,I7,27.67,MYL7,Sample9,27.41333333,0.29569128,-2.583333333,5.993228308,-0.636666667,1.554732811,-3.18,9.063071082,,,,,
89,I8,27.48,MYL7,Sample9,,,,,,,,,,,,,
90,J7,27.09,MYL7,Sample9,,,,,,,,,,,,,
91,M7,29.54,MYL7,SampleI1,29.49,0.045825757,,,1.523333333,0.347881211,,,,,,,
92,M8,29.45,MYL7,SampleI1,,,,,,,,,,,,,
93,N7,29.48,MYL7,SampleI1,,,,,,,,,,,,,
94,O9,28.54,MYL7,SampleI10,27.99666667,0.661538611,,,1.073333333,0.475219739,,,,,,,
95,O10,28.19,MYL7,SampleI10,,,,,,,,,,,,,
96,P9,27.26,MYL7,SampleI10,,,,,,,,,,,,,
97,O7,28.78,MYL7,SampleI2,28.48666667,0.285365263,,,0.413333333,0.750886452,,,,,,,
98,O8,28.47,MYL7,SampleI2,,,,,,,,,,,,,
99,P7,28.21,MYL7,SampleI2,,,,,,,,,,,,,
100,A9,30.67,MYL7,SampleI3,30.21,0.402864742,,,0.68,0.624165274,,,,,,,
101,A10,30.04,MYL7,SampleI3,,,,,,,,,,,,,
102,B9,29.92,MYL7,SampleI3,,,,,,,,,,,,,
103,C9,31.86,MYL7,SampleI4,31.69333333,0.434664622,,,2.12,0.230046913,,,,,,,
104,C10,32.02,MYL7,SampleI4,,,,,,,,,,,,,
105,D9,31.2,MYL7,SampleI4,,,,,,,,,,,,,
106,E9,29.65,MYL7,SampleI5,29.66666667,0.047258156,,,0.53,0.692554734,,,,,,,
107,E10,29.63,MYL7,SampleI5,,,,,,,,,,,,,
108,F9,29.72,MYL7,SampleI5,,,,,,,,,,,,,
109,G9,30.68,MYL7,SampleI6,30.51,0.206639783,,,1.29,0.408951029,,,,,,,
110,G10,30.28,MYL7,SampleI6,,,,,,,,,,,,,
111,H9,30.57,MYL7,SampleI6,,,,,,,,,,,,,
112,I9,29.49,MYL7,SampleI7,29.42,0.157162336,,,0.133333333,0.911722489,,,,,,,
113,I10,29.53,MYL7,SampleI7,,,,,,,,,,,,,
114,J9,29.24,MYL7,SampleI7,,,,,,,,,,,,,
115,K9,30.93,MYL7,SampleI8,30.94666667,0.105987421,,,1.516666667,0.349492484,,,,,,,
116,K10,30.85,MYL7,SampleI8,,,,,,,,,,,,,
117,L9,31.06,MYL7,SampleI8,,,,,,,,,,,,,
118,M9,30.66,MYL7,SampleI9,29.99666667,0.819898368,,,2.543333333,0.171545914,,,,,,,
119,M10,30.25,MYL7,SampleI9,,,,,,,,,,,,,
120,N9,29.08,MYL7,SampleI9,,,,,,,,,,,,,
121,I15,27.81,NPPB_AFLA0013,Sample1,27.16333333,0.976541516,0.326666667,0.797376688,0.07,0.952637998,1.2,0.435275282,1.2,0.435275282,1.573333333,0.3360311,0.214285714
122,I16,27.64,NPPB_AFLA0013,Sample1,,,,,,,,,,,,,
123,J15,26.04,NPPB_AFLA0013,Sample1,,,,,,,,,,,,,
124,K17,28.49,NPPB_AFLA0013,Sample10,27.84666667,0.738669976,0.233333333,0.850667161,0.236666667,0.848703971,-0.453333333,1.369200129,-0.453333333,1.369200129,-2.14,4.407620464,1.014285717
125,K18,28.01,NPPB_AFLA0013,Sample10,,,,,,,,,,,,,
126,L17,27.04,NPPB_AFLA0013,Sample10,,,,,,,,,,,,,
127,K15,28.78,NPPB_AFLA0013,Sample2,28.18,0.610245852,3.4,0.094732285,-0.306666667,1.236846673,2.986666667,0.1261606,2.986666667,0.1261606,1.69,0.309926925,-0.090196079
128,K16,28.2,NPPB_AFLA0013,Sample2,,,,,,,,,,,,,
129,L15,27.56,NPPB_AFLA0013,Sample2,,,,,,,,,,,,,
130,M15,29.24,NPPB_AFLA0013,Sample3,28.42333333,0.835603574,2.163333333,0.223239878,0.246666667,0.842841545,3.516666667,0.087373121,3.516666667,0.087373121,3.17,0.111105335,0.114021572
131,M16,28.46,NPPB_AFLA0013,Sample3,,,,,,,,,,,,,
132,N15,27.57,NPPB_AFLA0013,Sample3,,,,,,,,,,,,,
133,O15,28.43,NPPB_AFLA0013,Sample4,27.63333333,0.815618375,0.083333333,0.943874313,1.23,0.426317446,3.253333333,0.104869472,3.253333333,0.104869472,3.126666667,0.114493161,14.76000006
134,O16,27.67,NPPB_AFLA0013,Sample4,,,,,,,,,,,,,
135,P15,26.8,NPPB_AFLA0013,Sample4,,,,,,,,,,,,,
136,A17,29.35,NPPB_AFLA0013,Sample5,28.58666667,0.712203155,2.11,0.231647015,-1.536666667,2.901234011,1.123333333,0.45903201,1.123333333,0.45903201,2.35,0.196146024,-0.728278041
137,A18,28.47,NPPB_AFLA0013,Sample5,,,,,,,,,,,,,
138,B17,27.94,NPPB_AFLA0013,Sample5,,,,,,,,,,,,,
139,C17,29.87,NPPB_AFLA0013,Sample6,29.31666667,0.570730526,2.2,0.217637641,-0.07,1.049716684,2.033333333,0.244289992,2.033333333,0.244289992,1.586666667,0.33293982,-0.031818182
140,C18,29.35,NPPB_AFLA0013,Sample6,,,,,,,,,,,,,
141,D17,28.73,NPPB_AFLA0013,Sample6,,,,,,,,,,,,,
142,E17,29.58,NPPB_AFLA0013,Sample7,29.15666667,0.394250343,3.273333333,0.103425703,-0.526666667,1.440596862,2.876666667,0.136156082,2.876666667,0.136156082,1.536666667,0.344680917,-0.16089613
143,E18,29.09,NPPB_AFLA0013,Sample7,,,,,,,,,,,,,
144,F17,28.8,NPPB_AFLA0013,Sample7,,,,,,,,,,,,,
145,G17,31.11,NPPB_AFLA0013,Sample8,30.52,0.754387169,2.956666667,0.128811503,-0.81,1.753211443,1.056666667,0.480741526,1.056666667,0.480741526,-0.036666667,1.025741121,-0.273957159
146,G18,30.78,NPPB_AFLA0013,Sample8,,,,,,,,,,,,,
147,H17,29.67,NPPB_AFLA0013,Sample8,,,,,,,,,,,,,
148,I17,27.19,NPPB_AFLA0013,Sample9,26.73,0.616116872,-2.54,5.815890069,-1.32,2.496661098,-3.136666667,8.794896907,-3.136666667,8.794896907,0.043333333,0.970410231,0.519685039
149,I18,26.97,NPPB_AFLA0013,Sample9,,,,,,,,,,,,,
150,J17,26.03,NPPB_AFLA0013,Sample9,,,,,,,,,,,,,
151,M17,27.61,NPPB_AFLA0013,SampleI1,26.83666667,0.835783066,,,-1.13,2.188587403,,,,,,,
152,M18,26.95,NPPB_AFLA0013,SampleI1,,,,,,,,,,,,,
153,N17,25.95,NPPB_AFLA0013,SampleI1,,,,,,,,,,,,,
154,O19,27.98,NPPB_AFLA0013,SampleI10,27.61333333,0.480034721,,,0.69,0.61985385,,,,,,,
155,O20,27.79,NPPB_AFLA0013,SampleI10,,,,,,,,,,,,,
156,P19,27.07,NPPB_AFLA0013,SampleI10,,,,,,,,,,,,,
157,O17,25.27,NPPB_AFLA0013,SampleI2,24.78,0.553263048,,,-3.293333333,9.80374754,,,,,,,
158,O18,24.89,NPPB_AFLA0013,SampleI2,,,,,,,,,,,,,
159,P17,24.18,NPPB_AFLA0013,SampleI2,,,,,,,,,,,,,
160,A19,26.44,NPPB_AFLA0013,SampleI3,26.26,0.175214155,,,-3.27,9.646462622,,,,,,,
161,A20,26.25,NPPB_AFLA0013,SampleI3,,,,,,,,,,,,,
162,B19,26.09,NPPB_AFLA0013,SampleI3,,,,,,,,,,,,,
163,C19,28.05,NPPB_AFLA0013,SampleI4,27.55,0.603241245,,,-2.023333333,4.065219729,,,,,,,
164,C20,27.72,NPPB_AFLA0013,SampleI4,,,,,,,,,,,,,
165,D19,26.88,NPPB_AFLA0013,SampleI4,,,,,,,,,,,,,
166,E19,26.7,NPPB_AFLA0013,SampleI5,26.47666667,0.304357246,,,-2.66,6.320330495,,,,,,,
167,E20,26.6,NPPB_AFLA0013,SampleI5,,,,,,,,,,,,,
168,F19,26.13,NPPB_AFLA0013,SampleI5,,,,,,,,,,,,,
169,G19,27.61,NPPB_AFLA0013,SampleI6,27.11666667,0.585263473,,,-2.103333333,4.297010592,,,,,,,
170,G20,27.27,NPPB_AFLA0013,SampleI6,,,,,,,,,,,,,
171,H19,26.47,NPPB_AFLA0013,SampleI6,,,,,,,,,,,,,
172,I19,26.35,NPPB_AFLA0013,SampleI7,25.88333333,0.619865577,,,-3.403333333,10.58048117,,,,,,,
173,I20,26.12,NPPB_AFLA0013,SampleI7,,,,,,,,,,,,,
174,J19,25.18,NPPB_AFLA0013,SampleI7,,,,,,,,,,,,,
175,K19,28.02,NPPB_AFLA0013,SampleI8,27.56333333,0.505601951,,,-1.866666667,3.646889954,,,,,,,
176,K20,27.65,NPPB_AFLA0013,SampleI8,,,,,,,,,,,,,
177,L19,27.02,NPPB_AFLA0013,SampleI8,,,,,,,,,,,,,
178,M19,29.77,NPPB_AFLA0013,SampleI9,29.27,0.715821207,,,1.816666667,0.283876107,,,,,,,
179,M20,29.59,NPPB_AFLA0013,SampleI9,,,,,,,,,,,,,
180,N19,28.45,NPPB_AFLA0013,SampleI9,,,,,,,,,,,,,
181,A11,27.79,NPPB_genebody,Sample1,27.24,0.555067563,0.2,0.870550563,0.146666667,0.903335201,1.073333333,0.475219739,1.073333333,0.475219739,1.446666667,0.366868091,
182,A12,27.25,NPPB_genebody,Sample1,,,,,,,,,,,,,
183,B11,26.68,NPPB_genebody,Sample1,,,,,,,,,,,,,
184,C13,26.91,NPPB_genebody,Sample10,26.58333333,0.498129836,-0.76,1.693490625,-1.026666667,2.03731162,-1.446666667,2.725775354,-1.446666667,2.725775354,-3.133333333,8.774599838,
185,C14,26.83,NPPB_genebody,Sample10,,,,,,,,,,,,,
186,D13,26.01,NPPB_genebody,Sample10,,,,,,,,,,,,,
187,C11,28.88,NPPB_genebody,Sample2,27.98,1.102678557,2.356666667,0.195241728,-0.506666667,1.420763739,1.943333333,0.260014983,1.943333333,0.260014983,0.646666667,0.638754446,
188,C12,28.31,NPPB_genebody,Sample2,,,,,,,,,,,,,
189,D11,26.75,NPPB_genebody,Sample2,,,,,,,,,,,,,
190,E11,28.46,NPPB_genebody,Sample3,27.72333333,0.789451286,1.243333333,0.422395587,-0.453333333,1.369200129,2.596666667,0.165320018,2.596666667,0.165320018,2.25,0.210224104,
191,E12,27.82,NPPB_genebody,Sample3,,,,,,,,,,,,,
192,F11,26.89,NPPB_genebody,Sample3,,,,,,,,,,,,,
193,G11,26.61,NPPB_genebody,Sample4,26.02666667,0.743124036,-1.863333333,3.638473576,-0.376666667,1.298338588,1.306666667,0.404253826,1.306666667,0.404253826,1.18,0.441351498,
194,G12,26.28,NPPB_genebody,Sample4,,,,,,,,,,,,,
195,H11,25.19,NPPB_genebody,Sample4,,,,,,,,,,,,,
196,I11,28.87,NPPB_genebody,Sample5,28.74,0.260576284,2.05,0.241484082,-1.383333333,2.60870414,1.063333333,0.478525154,1.063333333,0.478525154,2.29,0.204475515,
197,I12,28.91,NPPB_genebody,Sample5,,,,,,,,,,,,,
198,J11,28.44,NPPB_genebody,Sample5,,,,,,,,,,,,,
199,K11,29.59,NPPB_genebody,Sample6,29.31,0.393573373,2.89,0.13490353,-0.076666667,1.05457863,2.723333333,0.151424092,2.723333333,0.151424092,2.276666667,0.206374029,
200,K12,29.48,NPPB_genebody,Sample6,,,,,,,,,,,,,
201,L11,28.86,NPPB_genebody,Sample6,,,,,,,,,,,,,
202,M11,28.81,NPPB_genebody,Sample7,28.30333333,0.672780301,1.98,0.25348987,-1.38,2.602683711,1.583333333,0.333709964,1.583333333,0.333709964,0.243333333,0.844791174,
203,M12,28.56,NPPB_genebody,Sample7,,,,,,,,,,,,,
204,N11,27.54,NPPB_genebody,Sample7,,,,,,,,,,,,,
205,O11,30.77,NPPB_genebody,Sample8,30.46333333,0.423595719,2.58,0.167240944,-0.866666667,1.823444977,0.68,0.624165274,0.68,0.624165274,-0.413333333,1.331759279,
206,O12,30.64,NPPB_genebody,Sample8,,,,,,,,,,,,,
207,P11,29.98,NPPB_genebody,Sample8,,,,,,,,,,,,,
208,A13,27.5,NPPB_genebody,Sample9,26.52,0.907028114,-2.2,4.59479342,-1.53,2.887858391,-2.796666667,6.94833189,-2.796666667,6.94833189,0.383333333,0.766664172,
209,A14,26.35,NPPB_genebody,Sample9,,,,,,,,,,,,,
210,B13,25.71,NPPB_genebody,Sample9,,,,,,,,,,,,,
211,E13,27.51,NPPB_genebody,SampleI1,27.04,0.633166645,,,-0.926666667,1.900878955,,,,,,,
212,E14,27.29,NPPB_genebody,SampleI1,,,,,,,,,,,,,
213,F13,26.32,NPPB_genebody,SampleI1,,,,,,,,,,,,,
214,G15,27.96,NPPB_genebody,SampleI10,27.34333333,0.741911944,,,0.42,0.747424624,,,,,,,
215,G16,27.55,NPPB_genebody,SampleI10,,,,,,,,,,,,,
216,H15,26.52,NPPB_genebody,SampleI10,,,,,,,,,,,,,
217,G13,25.9,NPPB_genebody,SampleI2,25.62333333,0.461988456,,,-2.45,5.464161027,,,,,,,
218,G14,25.88,NPPB_genebody,SampleI2,,,,,,,,,,,,,
219,H13,25.09,NPPB_genebody,SampleI2,,,,,,,,,,,,,
220,I13,26.68,NPPB_genebody,SampleI3,26.48,0.312409987,,,-3.05,8.282119391,,,,,,,
221,I14,26.64,NPPB_genebody,SampleI3,,,,,,,,,,,,,
222,J13,26.12,NPPB_genebody,SampleI3,,,,,,,,,,,,,
223,K13,28.46,NPPB_genebody,SampleI4,27.89,0.626019169,,,-1.683333333,3.211691527,,,,,,,
224,K14,27.99,NPPB_genebody,SampleI4,,,,,,,,,,,,,
225,L13,27.22,NPPB_genebody,SampleI4,,,,,,,,,,,,,
226,M13,27.23,NPPB_genebody,SampleI5,26.69,0.584123275,,,-2.446666667,5.451550708,,,,,,,
227,M14,26.77,NPPB_genebody,SampleI5,,,,,,,,,,,,,
228,N13,26.07,NPPB_genebody,SampleI5,,,,,,,,,,,,,
229,O13,26.98,NPPB_genebody,SampleI6,26.42,0.648151217,,,-2.8,6.964404506,,,,,,,
230,O14,26.57,NPPB_genebody,SampleI6,,,,,,,,,,,,,
231,P13,25.71,NPPB_genebody,SampleI6,,,,,,,,,,,,,
232,A15,27.06,NPPB_genebody,SampleI7,26.32333333,0.658963833,,,-2.963333333,7.799238846,,,,,,,
233,A16,26.12,NPPB_genebody,SampleI7,,,,,,,,,,,,,
234,B15,25.79,NPPB_genebody,SampleI7,,,,,,,,,,,,,
235,C15,28.34,NPPB_genebody,SampleI8,27.88333333,0.58054572,,,-1.546666667,2.921413689,,,,,,,
236,C16,28.08,NPPB_genebody,SampleI8,,,,,,,,,,,,,
237,D15,27.23,NPPB_genebody,SampleI8,,,,,,,,,,,,,
238,E15,28.92,NPPB_genebody,SampleI9,28.72,0.408533964,,,1.266666667,0.415618948,,,,,,,
239,E16,28.99,NPPB_genebody,SampleI9,,,,,,,,,,,,,
240,F15,28.25,NPPB_genebody,SampleI9,,,,,,,,,,,,,